[
  {
    "username": "wyatt",
    "saltBase64": "N1fa/iI8Otw0Kqg3zQDZ6Q==",
    "passwordHashBase64": "hZu1BsNbgDZ1tMxvwXRatFQskxVSL7F58nu6u2XlXEM=",
    "iterations": 120000,
    "allowedProfiles": [
      "Wyatts-pc.conf",
      "Wyatts-pc-bo7.conf"
    ]
  },
  {
    "username": "dustin",
    "saltBase64": "10AMaRnG28VHCFKKNkiW3Q==",
    "passwordHashBase64": "qjKjC4ocpKHQz34gZRJonzUSOHSSsbw3gBhxinh89xE=",
    "iterations": 120000,
    "allowedProfiles": [
      "Dustins-pc.conf",
      "Dustins-pc-bo7.conf",
      "Dustins-pc-bo7-mobaxterm.conf"
    ],
    "isAdmin": true
  },
  {
    "username": "josh",
    "saltBase64": "2TxQr/FyovfqTmXIDwQhiA==",
    "passwordHashBase64": "VmdNdsO1fsfqsASWrFDkXADUNmG5sJ2f7ewss4+I89E=",
    "iterations": 120000,
    "allowedProfiles": [
      "Joshs-pc.conf",
      "Joshs-pc-bo7.conf"
    ]
  },
  {
    "username": "admin",
    "saltBase64": "/NkMPySYOgJE4ObMw9wbLg==",
    "passwordHashBase64": "v4EZCf+BlDet3+PgRAFmRYCCiBXCrWX8BUkTPB5Hpqw=",
    "iterations": 120000,
    "allowedProfiles": []
  }
]
